C0001,"Globus Medical, Inc",2560 Gen Armistead Ave Audubon CA 94031,30D
C0002,"RF Industries, Inc","7610 Miramar Rd San Diego, CA 92602",45D
C0003,Trisha Macdowell,7642 Clairemont Mesa Blvd San Diego CA 90321,COD
C0004,"HMS Holdings, Inc","1000 So Fremont Ave, Suite 225 Alhambara CA 91303",45D
C0005,Christian Andersen,1120 Lincoln St Suite 809 Sacramento CA 95815,COD
C0006,"Astronics, Inc","2 Orion Aliso Viejo, CA 92656",30D
C0007,Morgan Alegore,"2 Goodyear Irvine, CA 92618",COD
C0008,"Abaxis, Inc","3240 Whipple Rd, Union City, CA 94587",30D
C0009,Landec Corp.,"3603 Haven Avenue Menlo Park, CA 94025",30D
C0010,SMP Corp.,3718 Northern Long Island NY 12528,45D
C0011,B&G Foods,"4 Gatehall Dr., Ste. 110 Parsippany, NJ 07054",45D
C0012,Dexter Santos,"2739 Rebeiro Ave, Santa Clara, CA 95051",COD
C0013,Health Stream,"209 10th Ave, South Suite 450 Nashville Tennessee",45D
C0014,InSync Training LLC,"P.O. Box 3122 Roanoke, VA 24015",30D
C0015,Bespoke Education,"8205 Santa Monica Blvd, Suite 365 W HWood CA 90046",30D
C0016,Peri Solutions,2880 Zanker Road San Jose CA 95101,30D
C0017,Janet Lim,"800 N. State College Blvd. Fullerton, CA 92831",COD
C0018,Nicole Hutchison,"200 Lincoln Ave, Salinas, CA 93901",COD
C0019,Brandon Drucker,"65 West Alisal St., # 101, Salinas, CA 93901",COD
C0020,Eugene Whitaker,"45 Fremont Street, Suite 2000 San Frans, CA 9410",COD
C0021,Touch Suite,"1081 Holland Dr. Boca Raton, FL 33487",30D
C0022,CallFire,"1410 2nd St., Suite 200 Santa Monica, CA 90401",45D
C0023,ISBX Corp,"3415 S. Sepulveda Blvd. 1250 Los Angeles, CA 90034",30D
C0024,Factual,"1999 Avenue of the Stars Los Angeles, CA 90067 ",30D
C0025,Predixion,"31910 Del Obispo San Juan Capistrano, CA 92675",45D
C0026,Datapop,"5762 W Jefferson Blvd, Los Angeles, CA 90016",45D
C0027,"SA Photonics, Inc","130 Knowles Dr, Los Gatos, CA 95032",30D
C0028,Acumen Bldg Entp,"7770 Pardee Lane, Ste. 200 Oakland, CA 94621",30D
C0029,IMCorp,"50 Utopia Road Manchester, CT 06042",30D
C0030,Brady and Assoc.,"3710 Ruffin Rd, San Diego, CA 90401",30D
C0031,Yello Hammer LLC,"111 W 28th St, New York, NY 10001",30D
C0032,Conductor,"2 Park Ave, New York, NY 10016",30D
C0033,Quantum Networks,323 West 39th Street 11th Flr NY 10018,45D
C0034,Refinery29,225 Broadway NY 10007,45D
C0035,Gravity Media,104 W 27th St #11d NY 10001,30D
C0036,Regal wings,"244 Fifth Avenue, Suite 200 New York, NY 10001",45D
C0037,33Across,"229 W 28th St, New York, NY 10001",45D
C0038,RCS Capital,"405 Park Avenue New York, NY 1002",30D
C0039,OnDeck,"1400 Broadway, 25th Floor, New York, NY 10001",45D
C0040,"Optimatic Media, Inc","54 West 40th St., 7th Floor, New York, NY 10018",30D
C0041,James Underwood,"450 West 33rd Street New York, NY 10018",COD
C0042,Charles Silverstone,"1335 Ave of the Americas, New York, NY 10019",COD
C0043,Nea Sanchez,"371 7th Ave, New York, NY 10001",COD
C0044,Tracy Lambert,"234 W 42nd St, New York, NY 10036",COD
C0045,Peter Charlestone,"342 W 40th St, New York, NY 10018",COD
C0046,Oxford Academy,"5172 Orange Ave, Cypress, CA 90630",45D
C0047,Whitney High Sch,"16800 Shoemaker Ave, Cerritos, CA 90703",30D
C0048,Pacfic Collegiate,"255 Swift St, Santa Cruz, CA 95060",45D
C0049,KIPP San Jose,"1790 Educational Park Dr, San Jose, CA 95133",30D
C0050,The Preuss School,"9500 Gilman Dr Mc 0536, La Jolla, CA 92093",45D
C0051,American Indian Sch,"3637 Magee Ave, Oakland, CA 94619",30D
C0052,Lowell High School,"1101 Eucalyptus Dr, San Francisco, CA 94132",45D
C0053,University HSchool,"2611 East Matoian M/S Uh134, Fresno, CA 93740",30D
C0054,Hawthorne Academy,"4467 West Broadway, Hawthorne, CA 90250",30D
C0055,Lennox Academy,"11036 Hawthorne Blvd, Lennox, CA 90304",45D
C0056,Manhasset School,"200 Memorial Place Manhasset, NY 11030",45D
C0057,Pittsford High Sch,"55 Sutherland St Pittsford, NY 14534",30D
C0058,Jericho High School,"99 Cedar Swamp Rd, Jericho, NY 11753",45D
C0059,Stuyvesant High,"345 Chambers St, New York, NY 10282",45D
C0060,Rye High School,"Parsons St, Rye, NY 10580",30D
C0061,Brooklyn High,"29 Ft Greene Place, Brooklyn, NY 11217",45D
C0062,Brooklyn Latin Sch,"325 Bushwick Ave, Brooklyn, NY 11206",30D
C0063,Bronx Science High,"75 West 205Th St Bronx, NY 10468",45D
C0064,Staten Island High,"485 Clawson St, Staten Island, NY 10306",30D
C0065,Yonkers Middle High,"150 Rockland Ave, Yonkers, NY 10705",45D
C0066,Helen Strong,"800 S Main StTulelake, CA 96134",COD
C0067,Gay Rose Silva,"575 3rd St Napa, CA 94559",COD
C0068,William Pichler,"1121 L St #407 Sacramento, CA 95814",COD
C0069,Terrance Nitz,"23200 Pacific Coast Hwy Malibu, CA 90265",COD
C0070,Errol Atanacio,"300 Capitol Mall #555 Sacramento, CA 95814",COD
C0071,Chuck Jones,"163 W 125th St New York, NY 10027",COD
C0072,Menchu Palmores,"600 College Ave Montour Falls, NY 14865",COD
C0073,Princess Ann White,"109 S Union St #411 Rochester, NY 14607",COD
C0074,Florence Black,"450 S Salina St Syracuse, NY 13202",COD
C0075,Jeremy Irons,"3357 US Highway 9w Highland, NY 12528",COD
C0076,Braddy Banks,"1424 Fulton St Brooklyn, NY 11216",COD
C0077,Office NY Tech Serv,State Capitol Empire State Plaza NY 10027,45D
C0078,FDA New York,"158-15 Liberty Ave., Jamaica, NY 12528",45D
C0079,Social Sec Admn NY,"123 William St, New York, NY 10038",45D
C0080,Social Sec Admn CA,"3836 Wilshire Blvd, Los Angeles, CA 90010",45D
C0081,Dept Food and Agri,"220 N Street Sacramento, CA 95814",45D
C0082,California Dept Tech,1325 J St Suite 1600 Sacramento CA 95814,45D
