AD0001,Toshiba Canvio 1 TB,ea
AD0002,WD Ultra 1TB ,ea
AD0003,Seagate Bracuda 1TB ,ea
AD0004,Transcend 1 TB ,ea
AK0001,HP Pavilion DV6000,pc
AK0002,Micro Innovations Kb,pc
AK0003,Steel APEX GAMING KB,pc
AM0001,MS Wireless Mouse,pc
AM0002,LOGITECH 910-002696,pc
AM0003,IMICRO KB-IM8911U,pc
AM0004,STEEL Rival Mouse,pc
AM0005,Logitech M500 USB,pc
AP0001,HDMI Pocket Proj,pc
AP0002,InFocus IN112 Proj,pc
AP0003,ViewSonic Projector,pc
MD0001,ASUS VS228H-P 22-In,ea
MD0002,ViewSonic VA2446M,ea
MD0003,Dell UltrShrp U2412M,ea
MD0004,Acer S231HL BBID 23,ea
MD0005,Apple Dsplay MC914,ea
MD0006,Asus VE228H 21.5,ea
MP0001,Apple iPhone 4 16GB ,ea
MP0002,Apple iPhone 3G,ea
MP0003,SAMSUNG GALAXY S4 ,ea
MP0004,SAMSUNG GALAXY S3,ea
NB0001,Dell Inspiron Laptop,ea
NB0002,ASUS Tformer Book,ea
NB0003,Acer C720 Chrome,ea
NB0004,HP Chromebook 11,ea
NB0005,Apple Mac Pro Laptop,ea
NH0001,NETGEAR ProSAFE 5-Port ,pc
NH0002,TP-LINK  1000Mbps,pc
NH0003,Cisco 24-P G Switch ,pc
NT0001,Apple iPad Retna 16G,ea
NT0002,Apple iPad 2 MC769LL,ea
NT0003,Apple iPad Mini ,ea
NT0004,Samsung Galaxy Tab3 ,ea
NT0005,Samsung Glaxy Tab32G,ea
NT0006,DrgonTouch 7B 2Core ,ea
PA0001,MS Ofc Business 2013,pkg
PA0002,Office Mac Home 2011,pkg
PC0001,CyberpowerPC Gamer,pkg
PC0002,Dell 745 Opti Desk,pkg
PC0003,Dell Inspiron Desk,pkg
PC0004,Dell Inspiron 660,pkg
PF0001,Win7 Pro SP1 64bit ,pkg
PF0002,Win7 Home Pre SP1 64,pkg
PF0003,Mac OS X ver 10.6.3,pkg
PF0004,Windows 8.1 64-Bit ,pkg
PF0005,Windows 8 Pro ,pkg
PF0006,RED HAT Prof Edition,pkg
PR0001,Epson Expression ,pc
PR0002,Canon PIXMA MX922 ,pc
PR0003,HP Envy 4500 Wireles,pc
PS0001,VirServ 12Core 128GB,pc
PS0002,Ms WinServer 2012,pc
PS0003,Cisco Virt Hardware,pc
